id,subreddit,title,time,sentiment_selftext,sentiment_selftext_label,sentiment_selftext_score,comment_positive_avg_score,comment_negative_avg_score,comment_label,comment_score
1d40eql,mentalhealth,I did it!!!!!,2024-05-30T10:00:58,"[{'label': 'NEGATIVE', 'score': 0.9973412156105042}]",NEGATIVE,-0.9973412156105042,0.9877692663444663,0.9584895914251154,POSITIVE,0.9877692663444663
1d46gyj,mentalhealth,What's the most useless advice you've heard about mental health?,2024-05-30T15:16:35,"[{'label': 'NEGATIVE', 'score': 0.9777919054031372}]",NEGATIVE,-0.9777919054031372,0.923790565926394,0.9667672548620474,NEGATIVE,-0.9667672548620474
1dg7b44,mentalhealth,can someone tell me that it's going to be okay,2024-06-15T02:02:29,"[{'label': 'POSITIVE', 'score': 0.9995015859603882}]",POSITIVE,0.9995015859603882,0.9762635838034694,0.9197373998926041,POSITIVE,0.9762635838034694
1dgxn0e,mentalhealth,Which mental health illness do you have?,2024-06-16T02:24:22,"[{'label': 'POSITIVE', 'score': 0.933741569519043}]",POSITIVE,0.933741569519043,0.897380449555137,0.9819410321224167,NEGATIVE,-0.9819410321224167
1dlqnvl,mentalhealth,My husband been having sex with me in my sleep since 2014. I've had two ectopic pregnancies that result in both tube's being removed for two separate pregnancies. Due to the amount of miscarriages I've has sex is painful. I tell him no but he just does it anyway. Should I sue him ?,2024-06-22T08:03:39,"[{'label': 'NEGATIVE', 'score': 0.9967042803764343}]",NEGATIVE,-0.9967042803764343,0.9529786221683025,0.977530821025023,NEGATIVE,-0.977530821025023
1dvnfbf,mentalhealth,A Lush Employee bought me a bathbomb today and it may have saved my life.,2024-07-05T02:25:40,"[{'label': 'NEGATIVE', 'score': 0.9967967867851257}]",NEGATIVE,-0.9967967867851257,0.9567372083663941,0.9327059507369995,POSITIVE,0.9567372083663941
1e89i04,mentalhealth,I'm 84 days clean from sh and don't have anybody to tell,2024-07-21T00:10:34,"[{'label': 'POSITIVE', 'score': 0.9969307780265808}]",POSITIVE,0.9969307780265808,0.9866730656968542,0.9288748875260353,POSITIVE,0.9866730656968542
1ekeu6v,mentalhealth,I hate my boobs,2024-08-05T04:19:23,"[{'label': 'NEGATIVE', 'score': 0.9933198690414429}]",NEGATIVE,-0.9933198690414429,0.9484236575152776,0.9633495577978431,NEGATIVE,-0.9633495577978431
1elhc84,mentalhealth,Anyone in their 30â€™s + who still struggles significantly?,2024-08-06T13:07:54,"[{'label': 'NEGATIVE', 'score': 0.9987865090370178}]",NEGATIVE,-0.9987865090370178,0.9313103266888194,0.9484971540589486,NEGATIVE,-0.9484971540589486
1eme3qd,mentalhealth,Breast exposed by doctor ,2024-08-07T15:03:18,"[{'label': 'NEGATIVE', 'score': 0.9813874959945679}]",NEGATIVE,-0.9813874959945679,0.8485492212431771,0.953286773753616,NEGATIVE,-0.953286773753616
1ewbc1u,mentalhealth,"If youâ€™re reading this, Iâ€™m proud of you.",2024-08-19T19:53:28,"[{'label': 'POSITIVE', 'score': 0.9882253408432007}]",POSITIVE,0.9882253408432007,0.9600992575287819,0.9628371059894562,NEGATIVE,-0.9628371059894562
1f6kssr,mentalhealth,Itâ€™s a crime to be a girl ,2024-09-01T18:04:01,"[{'label': 'NEGATIVE', 'score': 0.6241262555122375}]",NEGATIVE,-0.6241262555122375,0.9662799537181854,0.9758732169866562,NEGATIVE,-0.9758732169866562
1felvyg,mentalhealth,I Survived a Genocide But I Feel Nothing,2024-09-11T21:37:04,"[{'label': 'NEGATIVE', 'score': 0.9962908029556274}]",NEGATIVE,-0.9962908029556274,0.9258514106273651,0.9556261255190923,NEGATIVE,-0.9556261255190923
1foybeq,mentalhealth,my boyfriend k*lled himself in my apartment ,2024-09-25T06:54:32,"[{'label': 'NEGATIVE', 'score': 0.995057225227356}]",NEGATIVE,-0.995057225227356,0.9070889135686363,0.9726301324367523,NEGATIVE,-0.9726301324367523
1gi8qeh,mentalhealth,"Feeling sad after EKG, exposed by nurse. ",2024-11-02T22:54:18,"[{'label': 'NEGATIVE', 'score': 0.9925392270088196}]",NEGATIVE,-0.9925392270088196,0.9517514775781071,0.9827116122011279,NEGATIVE,-0.9827116122011279
1hpccqk,mentalhealth,I got raped.,2024-12-30T02:08:57,"[{'label': 'NEGATIVE', 'score': 0.9983986020088196}]",NEGATIVE,-0.9983986020088196,0.9195063693182809,0.960371220111847,NEGATIVE,-0.960371220111847
1htqa3s,mentalhealth,I did acid when I was 17 and have been feeling dead inside since then,2025-01-04T22:29:43,"[{'label': 'NEGATIVE', 'score': 0.9939411878585815}]",NEGATIVE,-0.9939411878585815,0.928618458184329,0.9790658696934029,NEGATIVE,-0.9790658696934029
1hvan2z,mentalhealth,i just took a shower for the first time in over a month!,2025-01-06T21:37:29,"[{'label': 'POSITIVE', 'score': 0.9980610013008118}]",POSITIVE,0.9980610013008118,0.9853750986930652,0.983969529469808,POSITIVE,0.9853750986930652
1i7f8sr,mentalhealth,My wife compared having sex with me to self-harm. I feel like there is no hope left for me.,2025-01-22T16:35:03,"[{'label': 'NEGATIVE', 'score': 0.9967795014381409}]",NEGATIVE,-0.9967795014381409,0.9392205139865046,0.9685525831891529,NEGATIVE,-0.9685525831891529
1il4yqy,mentalhealth,I'm american and I really hate it.,2025-02-09T02:55:33,"[{'label': 'NEGATIVE', 'score': 0.9921561479568481}]",NEGATIVE,-0.9921561479568481,0.9211508248533521,0.9852630143026704,NEGATIVE,-0.9852630143026704
1iql0xw,mentalhealth,I now understand why so many women hate men...,2025-02-16T05:17:47,"[{'label': 'NEGATIVE', 'score': 0.9950218200683594}]",NEGATIVE,-0.9950218200683594,0.9263038598001003,0.9741625695727593,NEGATIVE,-0.9741625695727593
1j45tip,mentalhealth,First day on,2025-03-05T15:36:34,"[{'label': 'NEGATIVE', 'score': 0.9922940731048584}]",NEGATIVE,-0.9922940731048584,0.9583040538587069,0.9508815801471745,POSITIVE,0.9583040538587069
1j973f5,mentalhealth,Self harm free,2025-03-12T01:07:31,"[{'label': 'NEGATIVE', 'score': 0.9842742085456848}]",NEGATIVE,-0.9842742085456848,0.9818494775715996,0.9873893360296885,NEGATIVE,-0.9873893360296885
1jc4649,mentalhealth,Deep cleaned my room after like a 4 month depressive episode!!!,2025-03-15T20:19:48,"[{'label': 'POSITIVE', 'score': 0.9975346326828003}]",POSITIVE,0.9975346326828003,0.9880191506374449,0.9226549588716947,POSITIVE,0.9880191506374449
1jcni8i,mentalhealth,Just took a shower after not taking one in a week.,2025-03-16T15:07:59,"[{'label': 'NEGATIVE', 'score': 0.9897884726524353}]",NEGATIVE,-0.9897884726524353,0.9882262074758136,0.9311873758280719,POSITIVE,0.9882262074758136
1jdmuxo,mentalhealth,"I fell asleep under a tree, and it fixed me",2025-03-17T20:27:09,"[{'label': 'POSITIVE', 'score': 0.9942561984062195}]",POSITIVE,0.9942561984062195,0.898937868575255,0.9750747403928212,NEGATIVE,-0.9750747403928212
1jeh3jv,mentalhealth,I de knotted my hair after 2 weeks,2025-03-18T21:55:29,"[{'label': 'POSITIVE', 'score': 0.9277395606040955}]",POSITIVE,0.9277395606040955,0.9894646008809408,0.9600108351026263,POSITIVE,0.9894646008809408
1jfzto8,mentalhealth,Sexual assault by a celebrity has made me hate living.,2025-03-20T21:13:20,"[{'label': 'NEGATIVE', 'score': 0.9979943037033081}]",NEGATIVE,-0.9979943037033081,0.9059229237692696,0.9569281814462047,NEGATIVE,-0.9569281814462047
1ji1o49,mentalhealth,There are some very unhelpful and potentially harmful people on this sub,2025-03-23T15:21:53,"[{'label': 'POSITIVE', 'score': 0.7481211423873901}]",POSITIVE,0.7481211423873901,0.9003546833992004,0.9906540833986722,NEGATIVE,-0.9906540833986722
1jk6hsj,mentalhealth,My 11 year old sister draw this,2025-03-26T07:48:01,"[{'label': 'NEGATIVE', 'score': 0.9596583843231201}]",NEGATIVE,-0.9596583843231201,0.9382122784126096,0.9710931557875413,NEGATIVE,-0.9710931557875413
1jlxqbk,mentalhealth,How many do you relate to?,2025-03-28T15:28:39,"[{'label': 'POSITIVE', 'score': 0.7481211423873901}]",POSITIVE,0.7481211423873901,0.9325039876831902,0.9627372679645068,NEGATIVE,-0.9627372679645068
1jnc2hb,mentalhealth,Nobody is thinking about you,2025-03-30T13:10:27,"[{'label': 'POSITIVE', 'score': 0.7481211423873901}]",POSITIVE,0.7481211423873901,0.953770927760912,0.9617320769711545,NEGATIVE,-0.9617320769711545
1johy1b,mentalhealth,2 years clean from self harm today,2025-03-31T23:51:50,"[{'label': 'POSITIVE', 'score': 0.9994625449180603}]",POSITIVE,0.9994625449180603,0.9848468613624572,0.9405836377825055,POSITIVE,0.9848468613624572
1jpt7p8,mentalhealth,My name's Luke and I just got put in a mental health facility but we gotta keep smiling ðŸ˜Š,2025-04-02T16:41:36,"[{'label': 'POSITIVE', 'score': 0.7481211423873901}]",POSITIVE,0.7481211423873901,0.9770816129186879,0.9532750878069136,POSITIVE,0.9770816129186879
1jqx8cy,mentalhealth,Self harm free for 364 days,2025-04-03T23:11:25,"[{'label': 'NEGATIVE', 'score': 0.988236129283905}]",NEGATIVE,-0.988236129283905,0.997409748179572,0.903583824634552,POSITIVE,0.997409748179572
1jrhien,mentalhealth,"See the person, not just their mistake.",2025-04-04T17:26:30,"[{'label': 'NEGATIVE', 'score': 0.9595127105712891}]",NEGATIVE,-0.9595127105712891,0.9677517930666606,0.8705526232719422,POSITIVE,0.9677517930666606
1js4848,mentalhealth,I chose not to die. I left loaded weapons on the table and walked to the hospital.,2025-04-05T14:06:31,"[{'label': 'NEGATIVE', 'score': 0.9956071972846985}]",NEGATIVE,-0.9956071972846985,0.9817126035690308,0.913591779768467,POSITIVE,0.9817126035690308
1jv6plp,mentalhealth,change is possible! i'm 17 months clean of SH today. yall got this!!,2025-04-09T14:10:01,"[{'label': 'POSITIVE', 'score': 0.7481211423873901}]",POSITIVE,0.7481211423873901,0.9757546612194606,0.9413044080138206,POSITIVE,0.9757546612194606
1jvfg1t,mentalhealth,Just found suicidal ideation in husbands search history. I donâ€™t know what to do. Help?,2025-04-09T20:08:59,"[{'label': 'POSITIVE', 'score': 0.572287917137146}]",POSITIVE,0.572287917137146,0.9269321515009954,0.9703333544474776,NEGATIVE,-0.9703333544474776
1jw53lr,mentalhealth,I hate being female to the point that itâ€™s impacting my mental health.,2025-04-10T18:31:30,"[{'label': 'NEGATIVE', 'score': 0.9980282187461853}]",NEGATIVE,-0.9980282187461853,0.9250368262236973,0.9544604621654333,NEGATIVE,-0.9544604621654333
1jx5drz,mentalhealth,hard pill to swallow,2025-04-12T00:54:26,"[{'label': 'POSITIVE', 'score': 0.7481211423873901}]",POSITIVE,0.7481211423873901,0.8988150791688398,0.9366933138746965,NEGATIVE,-0.9366933138746965
1jy2pfq,mentalhealth,I think my friend has killed herself,2025-04-13T08:04:23,"[{'label': 'POSITIVE', 'score': 0.9854221343994141}]",POSITIVE,0.9854221343994141,0.9615481660283846,0.9747553514316678,NEGATIVE,-0.9747553514316678
1jy7p5k,mentalhealth,Mental abuse is real .,2025-04-13T13:31:14,"[{'label': 'NEGATIVE', 'score': 0.9981631636619568}]",NEGATIVE,-0.9981631636619568,0.9836374941994163,0.9814888692237962,POSITIVE,0.9836374941994163
1k30crl,mentalhealth,I saw a gore video a year ago and it still haunts me to this day,2025-04-19T16:35:23,"[{'label': 'NEGATIVE', 'score': 0.9852853417396545}]",NEGATIVE,-0.9852853417396545,0.9407839775085449,0.9793678550766065,NEGATIVE,-0.9793678550766065
1k79faw,mentalhealth,Realized I have irreversible gum disease at 25 and it has now completely destroyed my mental health and my life,2025-04-25T01:50:48,"[{'label': 'NEGATIVE', 'score': 0.9941182136535645}]",NEGATIVE,-0.9941182136535645,0.9793215610764243,0.9747526332980296,POSITIVE,0.9793215610764243
1k9ucgv,mentalhealth,Dont have kids,2025-04-28T12:29:56,"[{'label': 'NEGATIVE', 'score': 0.9976295232772827}]",NEGATIVE,-0.9976295232772827,0.9317529778927565,0.9698773924406473,NEGATIVE,-0.9698773924406473
1kazem4,mentalhealth,Today is my 18th birthday and since I am spending it alone I thought I'd share this day here ðŸ¥³ happy birthday meeeeeeee!!!,2025-04-29T21:23:58,"[{'label': 'POSITIVE', 'score': 0.7481211423873901}]",POSITIVE,0.7481211423873901,0.9915019035899023,0.9064088000191582,POSITIVE,0.9915019035899023
1kb8725,mentalhealth,"I literally hate it here, cause like... why am I like this?!",2025-04-30T04:42:00,"[{'label': 'POSITIVE', 'score': 0.7481211423873901}]",POSITIVE,0.7481211423873901,0.8873556673526763,0.970242556772734,NEGATIVE,-0.970242556772734
1kcbgu9,mentalhealth,i am 22 years old and i dont have any chance to a normal life,2025-05-01T15:25:28,"[{'label': 'NEGATIVE', 'score': 0.9937037825584412}]",NEGATIVE,-0.9937037825584412,0.935874092578888,0.9457566738128662,NEGATIVE,-0.9457566738128662
1kd8thp,mentalhealth,My wife is pregnant and it feels like sheâ€™s living in a different world. Iâ€™m trying to be strong but Iâ€™m confused,2025-05-02T18:57:02,"[{'label': 'NEGATIVE', 'score': 0.994450569152832}]",NEGATIVE,-0.994450569152832,0.9535358743742108,0.96784000747926,NEGATIVE,-0.96784000747926
1kduy16,mentalhealth,I think my online boyfriend killed himself,2025-05-03T15:00:14,"[{'label': 'NEGATIVE', 'score': 0.9954606890678406}]",NEGATIVE,-0.9954606890678406,0.967092040926218,0.9727591906602566,NEGATIVE,-0.9727591906602566
1ki4gom,mentalhealth,I think my dad is trying to tell me something,2025-05-08T23:30:32,"[{'label': 'NEGATIVE', 'score': 0.943817675113678}]",NEGATIVE,-0.943817675113678,0.9552187354941117,0.9795153021812439,NEGATIVE,-0.9795153021812439
1kjch4t,mentalhealth,"My girlfriend and friend keep saying I have adhd, but I donâ€™t really see it?",2025-05-10T15:09:14,"[{'label': 'POSITIVE', 'score': 0.7481211423873901}]",POSITIVE,0.7481211423873901,0.936082793318707,0.9561638322221228,NEGATIVE,-0.9561638322221228
1kjrmqy,mentalhealth,My father told me he is attracted to me.,2025-05-11T03:27:24,"[{'label': 'NEGATIVE', 'score': 0.9899583458900452}]",NEGATIVE,-0.9899583458900452,0.9422552307446798,0.9886623506362622,NEGATIVE,-0.9886623506362622
1kkgh0i,mentalhealth,im stuck with my disabled brother for the rest of my life.,2025-05-12T01:18:36,"[{'label': 'NEGATIVE', 'score': 0.99812251329422}]",NEGATIVE,-0.99812251329422,0.9203896641731262,0.9716341179244372,NEGATIVE,-0.9716341179244372
1kl2gg0,mentalhealth,Helping my boyfriend cope after accidentally seeing cp,2025-05-12T20:04:11,"[{'label': 'NEGATIVE', 'score': 0.9959904551506042}]",NEGATIVE,-0.9959904551506042,0.9268652964860965,0.9734527020044225,NEGATIVE,-0.9734527020044225
1kqyt0t,mentalhealth,Iâ€™ve been having suicidal thoughts and my mum sent me this out of the blue,2025-05-20T07:17:27,"[{'label': 'NEGATIVE', 'score': 0.9813480377197266}]",NEGATIVE,-0.9813480377197266,0.9108940863609314,0.970630431175232,NEGATIVE,-0.970630431175232
1krj5wu,mentalhealth,and im crying.,2025-05-20T23:15:05,"[{'label': 'POSITIVE', 'score': 0.7481211423873901}]",POSITIVE,0.7481211423873901,0.9429283767938614,0.9614420309662819,NEGATIVE,-0.9614420309662819
